Sno,ProductID,OrderDate,DeliveryDate,Quantity,Price,Supplier,Location,Fullfiment days,Volume
1,P1171,01-01-2022,05-01-2022,3,7859,Vendor41,Ahmedabad,4,Medium
2,P1048,12-11-2023,16-11-2023,2,6674,Vendor95,Hyderabad,4,Low
3,P1052,02-03-2023,06-03-2023,4,2248,Vendor6,Hyderabad,4,Medium
4,P338,28-10-2022,01-11-2022,3,2660,Vendor95,Hyderabad,4,Medium
5,P1886,06-03-2023,10-03-2023,5,9281,Vendor10,Delhi,4,High
6,P1606,15-06-2023,19-06-2023,5,3650,Vendor41,Chennai,4,High
7,P735,01-06-2023,05-06-2023,2,9260,Vendor25,Mumbai,4,Low
8,P490,26-08-2022,30-08-2022,4,254,Vendor23,Ahmedabad,4,Medium
9,P774,23-04-2023,27-04-2023,1,7831,Vendor4,Delhi,4,Low
10,P1093,27-11-2022,01-12-2022,1,1590,Vendor6,Mumbai,4,Low
11,P239,23-10-2023,27-10-2023,2,7049,Vendor63,Chennai,4,Low
12,P96,08-03-2022,12-03-2022,5,1858,Vendor29,Hyderabad,4,High
13,P288,18-04-2023,22-04-2023,1,6586,Vendor81,Hyderabad,4,Low
14,P965,11-01-2022,15-01-2022,3,511,Vendor51,Hyderabad,4,Medium
15,P537,25-05-2022,29-05-2022,4,6255,Vendor65,Mumbai,4,Medium
16,P447,29-11-2022,03-12-2022,1,646,Vendor11,Delhi,4,Low
17,P1537,29-11-2022,03-12-2022,3,852,Vendor19,Chennai,4,Medium
18,P455,12-02-2023,16-02-2023,1,8654,Vendor13,Mumbai,4,Low
19,P117,15-02-2023,19-02-2023,2,9104,Vendor34,Ahmedabad,4,Low
20,P701,24-08-2023,28-08-2023,3,4995,Vendor75,Bangalore,4,Medium
21,P1032,08-04-2023,12-04-2023,1,1893,Vendor100,Hyderabad,4,Low
22,P30,06-03-2023,10-03-2023,3,7329,Vendor82,Hyderabad,4,Medium
23,P1482,20-09-2022,24-09-2022,4,4666,Vendor13,Vishakapatnam,4,Medium
24,P483,25-09-2022,29-09-2022,3,8708,Vendor50,Delhi,4,Medium
25,P153,01-10-2022,05-10-2022,3,2149,Vendor33,Hyderabad,4,Medium
26,P255,18-06-2023,22-06-2023,2,9111,Vendor61,Cochin,4,Low
27,P62,26-01-2022,30-01-2022,4,9378,Vendor48,Cochin,4,Medium
28,P1360,02-07-2022,06-07-2022,4,2199,Vendor26,Delhi,4,Medium
29,P1456,28-10-2023,01-11-2023,2,4727,Vendor16,Bhopal,4,Low
30,P1559,27-07-2022,31-07-2022,3,1211,Vendor86,Hyderabad,4,Medium
31,P617,18-10-2022,22-10-2022,2,7925,Vendor46,Vishakapatnam,4,Low
32,P1511,09-09-2023,13-09-2023,4,910,Vendor53,Bangalore,4,Medium
33,P1933,25-09-2022,29-09-2022,5,285,Vendor70,Hyderabad,4,High
34,P1485,10-02-2023,14-02-2023,3,4825,Vendor97,Vishakapatnam,4,Medium
35,P532,13-03-2022,17-03-2022,4,7895,Vendor24,Ahmedabad,4,Medium
36,P540,30-08-2023,03-09-2023,1,3448,Vendor8,Hyderabad,4,Low
37,P1269,07-06-2023,11-06-2023,3,9145,Vendor38,Cochin,4,Medium
38,P1383,23-06-2023,27-06-2023,4,5180,Vendor5,Bangalore,4,Medium
39,P431,20-03-2023,24-03-2023,3,7552,Vendor61,Hyderabad,4,Medium
40,P1811,22-12-2021,26-12-2021,3,9843,Vendor70,Bhopal,4,Medium
41,P32,23-10-2023,27-10-2023,2,2147,Vendor95,Hyderabad,4,Low
42,P488,21-07-2023,25-07-2023,4,8359,Vendor14,Bangalore,4,Medium
43,P873,12-06-2023,16-06-2023,2,1865,Vendor69,Vishakapatnam,4,Low
44,P1978,31-12-2021,04-01-2022,2,7037,Vendor86,Delhi,4,Low
45,P1420,14-06-2022,18-06-2022,4,4339,Vendor19,Chennai,4,Medium
46,P1056,02-03-2023,06-03-2023,5,2786,Vendor98,Chennai,4,High
47,P1761,03-01-2023,07-01-2023,2,8016,Vendor78,Hyderabad,4,Low
48,P1773,17-05-2022,21-05-2022,2,5734,Vendor91,Hyderabad,4,Low
49,P1601,19-04-2023,23-04-2023,1,7447,Vendor63,Bhopal,4,Low
50,P1344,21-11-2022,25-11-2022,5,9857,Vendor64,Vishakapatnam,4,High
51,P1158,12-10-2023,16-10-2023,5,8708,Vendor77,Mumbai,4,High
52,P1395,28-02-2023,04-03-2023,5,1820,Vendor15,Hyderabad,4,High
53,P1664,17-04-2023,21-04-2023,1,6895,Vendor64,Hyderabad,4,Low
54,P852,20-07-2022,24-07-2022,1,1292,Vendor82,Cochin,4,Low
55,P744,31-05-2022,04-06-2022,1,2875,Vendor11,Mumbai,4,Low
56,P841,17-07-2022,21-07-2022,3,8336,Vendor57,Vishakapatnam,4,Medium
57,P794,20-02-2023,24-02-2023,5,1550,Vendor28,Hyderabad,4,High
58,P1736,02-03-2022,06-03-2022,1,4404,Vendor78,Hyderabad,4,Low
59,P406,08-03-2022,12-03-2022,2,7949,Vendor74,Delhi,4,Low
60,P515,21-07-2023,25-07-2023,1,9836,Vendor25,Ahmedabad,4,Low
61,P1471,11-06-2023,15-06-2023,2,5818,Vendor48,Bangalore,4,Low
62,P1701,09-09-2023,13-09-2023,5,5886,Vendor82,Mumbai,4,High
63,P1601,16-01-2023,20-01-2023,4,5693,Vendor53,Hyderabad,4,Medium
64,P1204,30-03-2023,03-04-2023,1,2389,Vendor88,Vishakapatnam,4,Low
65,P186,12-05-2022,16-05-2022,2,3936,Vendor10,Delhi,4,Low
66,P652,14-09-2023,18-09-2023,4,4907,Vendor88,Chennai,4,Medium
67,P1995,25-07-2023,29-07-2023,4,2631,Vendor22,Ahmedabad,4,Medium
68,P1200,21-09-2023,25-09-2023,3,6183,Vendor85,Bangalore,4,Medium
69,P1913,15-06-2022,19-06-2022,4,230,Vendor50,Mumbai,4,Medium
70,P655,14-11-2023,18-11-2023,5,2319,Vendor96,Delhi,4,High
71,P469,22-04-2022,26-04-2022,1,6460,Vendor61,Bhopal,4,Low
72,P1439,19-04-2022,23-04-2022,5,1545,Vendor41,Delhi,4,High
73,P686,22-04-2022,26-04-2022,5,5688,Vendor23,Delhi,4,High
74,P807,10-12-2022,14-12-2022,2,4603,Vendor24,Chennai,4,Low
75,P1765,27-01-2022,31-01-2022,3,93,Vendor18,Ahmedabad,4,Medium
76,P1401,27-01-2023,31-01-2023,2,5040,Vendor34,Bhopal,4,Low
77,P1153,22-10-2022,26-10-2022,4,176,Vendor6,Hyderabad,4,Medium
78,P1135,26-10-2022,30-10-2022,4,6514,Vendor43,Bangalore,4,Medium
79,P737,05-12-2022,09-12-2022,4,4201,Vendor22,Vishakapatnam,4,Medium
80,P66,08-07-2022,12-07-2022,2,4151,Vendor70,Hyderabad,4,Low
81,P1633,06-02-2022,10-02-2022,1,7022,Vendor24,Mumbai,4,Low
82,P1150,25-01-2022,29-01-2022,1,59,Vendor95,Hyderabad,4,Low
83,P1297,12-12-2022,16-12-2022,2,5221,Vendor97,Vishakapatnam,4,Low
84,P1711,14-05-2023,18-05-2023,4,9046,Vendor73,Mumbai,4,Medium
85,P1264,08-09-2022,12-09-2022,4,8651,Vendor3,Vishakapatnam,4,Medium
86,P912,13-06-2022,17-06-2022,5,1621,Vendor14,Bangalore,4,High
87,P865,15-03-2023,19-03-2023,2,2230,Vendor73,Hyderabad,4,Low
88,P924,23-11-2022,27-11-2022,3,4205,Vendor81,Vishakapatnam,4,Medium
89,P780,18-01-2022,22-01-2022,1,2064,Vendor88,Chennai,4,Low
90,P163,13-05-2022,17-05-2022,3,4412,Vendor48,Hyderabad,4,Medium
91,P1755,29-03-2022,02-04-2022,1,5928,Vendor24,Mumbai,4,Low
92,P226,24-04-2022,28-04-2022,1,2151,Vendor68,Vishakapatnam,4,Low
93,P1301,04-07-2023,08-07-2023,5,3826,Vendor48,Chennai,4,High
94,P1650,05-11-2023,09-11-2023,3,3444,Vendor14,Ahmedabad,4,Medium
95,P32,06-01-2022,10-01-2022,4,3095,Vendor50,Hyderabad,4,Medium
96,P98,08-12-2022,12-12-2022,5,1750,Vendor31,Ahmedabad,4,High
97,P1289,31-10-2023,04-11-2023,1,6756,Vendor78,Bhopal,4,Low
98,P1081,21-05-2023,25-05-2023,5,4144,Vendor33,Hyderabad,4,High
99,P695,31-07-2022,04-08-2022,3,8544,Vendor34,Bangalore,4,Medium
100,P1884,11-12-2022,15-12-2022,2,8174,Vendor79,Delhi,4,Low
101,P1396,02-04-2022,06-04-2022,3,9075,Vendor94,Delhi,4,Medium
102,P188,15-08-2023,19-08-2023,5,8244,Vendor57,Mumbai,4,High
103,P695,14-02-2022,18-02-2022,3,9409,Vendor28,Cochin,4,Medium
104,P550,16-01-2022,20-01-2022,4,8548,Vendor52,Mumbai,4,Medium
105,P1235,09-05-2023,13-05-2023,2,4032,Vendor59,Mumbai,4,Low
106,P393,20-01-2022,24-01-2022,3,7735,Vendor17,Cochin,4,Medium
107,P67,29-07-2023,02-08-2023,1,8618,Vendor68,Chennai,4,Low
108,P765,07-04-2022,11-04-2022,5,5994,Vendor40,Cochin,4,High
109,P436,26-02-2022,02-03-2022,1,5339,Vendor99,Hyderabad,4,Low
110,P679,21-07-2022,25-07-2022,2,8440,Vendor71,Hyderabad,4,Low
111,P52,28-10-2022,01-11-2022,2,8116,Vendor92,Mumbai,4,Low
112,P1548,15-11-2022,19-11-2022,4,9661,Vendor35,Hyderabad,4,Medium
113,P1376,04-11-2023,08-11-2023,5,8244,Vendor86,Hyderabad,4,High
114,P1301,30-08-2023,03-09-2023,1,2427,Vendor77,Bhopal,4,Low
115,P1580,03-11-2022,07-11-2022,1,3255,Vendor10,Bangalore,4,Low
116,P1504,24-12-2021,28-12-2021,3,9342,Vendor92,Cochin,4,Medium
117,P187,30-01-2023,03-02-2023,1,6124,Vendor58,Mumbai,4,Low
118,P399,02-09-2022,06-09-2022,5,6663,Vendor18,Vishakapatnam,4,High
119,P1097,23-05-2022,27-05-2022,4,1228,Vendor38,Bhopal,4,Medium
120,P1639,23-03-2023,27-03-2023,2,3389,Vendor14,Bhopal,4,Low
121,P269,17-03-2023,21-03-2023,4,8012,Vendor88,Mumbai,4,Medium
122,P787,12-11-2023,16-11-2023,2,952,Vendor95,Chennai,4,Low
123,P988,24-04-2023,28-04-2023,3,415,Vendor66,Mumbai,4,Medium
124,P661,13-07-2023,17-07-2023,5,6717,Vendor75,Bhopal,4,High
125,P1511,21-01-2023,25-01-2023,1,982,Vendor26,Bhopal,4,Low
126,P1090,18-12-2022,22-12-2022,5,1904,Vendor86,Ahmedabad,4,High
127,P531,29-04-2023,03-05-2023,4,4161,Vendor29,Mumbai,4,Medium
128,P1468,28-03-2022,01-04-2022,3,3105,Vendor34,Bangalore,4,Medium
129,P1394,19-11-2023,23-11-2023,2,6266,Vendor3,Delhi,4,Low
130,P246,29-07-2022,02-08-2022,3,9019,Vendor91,Mumbai,4,Medium
131,P345,13-07-2022,17-07-2022,4,7837,Vendor94,Hyderabad,4,Medium
132,P1129,08-09-2023,12-09-2023,2,1455,Vendor77,Bangalore,4,Low
133,P636,05-10-2022,09-10-2022,2,8092,Vendor79,Chennai,4,Low
134,P82,26-08-2023,30-08-2023,2,1309,Vendor42,Bangalore,4,Low
135,P888,13-08-2022,17-08-2022,1,2321,Vendor12,Delhi,4,Low
136,P1218,10-05-2023,14-05-2023,4,3585,Vendor61,Hyderabad,4,Medium
137,P615,07-11-2023,11-11-2023,3,8031,Vendor79,Ahmedabad,4,Medium
138,P592,07-03-2023,11-03-2023,1,70,Vendor68,Hyderabad,4,Low
139,P1605,23-07-2022,27-07-2022,2,8600,Vendor35,Hyderabad,4,Low
140,P1378,26-05-2022,30-05-2022,1,2068,Vendor83,Bangalore,4,Low
141,P1094,11-12-2022,15-12-2022,1,9071,Vendor5,Bhopal,4,Low
142,P1131,25-11-2021,29-11-2021,2,8135,Vendor40,Hyderabad,4,Low
143,P1359,24-01-2023,28-01-2023,2,392,Vendor100,Delhi,4,Low
144,P287,28-01-2022,01-02-2022,5,2271,Vendor54,Ahmedabad,4,High
145,P61,20-11-2022,24-11-2022,3,1999,Vendor1,Delhi,4,Medium
146,P466,18-11-2023,22-11-2023,4,3066,Vendor100,Cochin,4,Medium
147,P1764,17-09-2023,21-09-2023,4,8850,Vendor63,Chennai,4,Medium
148,P186,15-05-2022,19-05-2022,2,141,Vendor71,Vishakapatnam,4,Low
149,P39,28-11-2022,02-12-2022,4,5043,Vendor3,Hyderabad,4,Medium
150,P1101,04-08-2022,08-08-2022,2,3215,Vendor59,Vishakapatnam,4,Low
151,P903,23-12-2022,27-12-2022,3,4667,Vendor95,Cochin,4,Medium
152,P1401,05-02-2022,09-02-2022,5,3628,Vendor60,Delhi,4,High
153,P1080,17-01-2023,21-01-2023,2,3727,Vendor61,Hyderabad,4,Low
154,P482,16-03-2022,20-03-2022,1,5182,Vendor77,Vishakapatnam,4,Low
155,P1755,30-10-2023,03-11-2023,4,9781,Vendor86,Vishakapatnam,4,Medium
156,P556,06-01-2022,10-01-2022,5,739,Vendor78,Bhopal,4,High
157,P241,14-02-2023,18-02-2023,2,6532,Vendor67,Hyderabad,4,Low
158,P1646,17-06-2022,21-06-2022,2,190,Vendor61,Hyderabad,4,Low
159,P495,27-12-2022,31-12-2022,2,4709,Vendor53,Hyderabad,4,Low
160,P1223,30-11-2022,04-12-2022,3,6722,Vendor72,Cochin,4,Medium
161,P1240,23-04-2023,27-04-2023,5,9433,Vendor67,Hyderabad,4,High
162,P1582,20-08-2022,24-08-2022,4,525,Vendor63,Hyderabad,4,Medium
163,P797,28-07-2023,01-08-2023,2,7729,Vendor98,Ahmedabad,4,Low
164,P1785,25-06-2023,29-06-2023,4,4740,Vendor66,Cochin,4,Medium
165,P1989,14-10-2022,18-10-2022,5,2004,Vendor18,Mumbai,4,High
166,P1676,02-01-2023,06-01-2023,3,1958,Vendor43,Vishakapatnam,4,Medium
167,P848,07-07-2023,11-07-2023,4,9671,Vendor27,Bhopal,4,Medium
168,P274,30-01-2023,03-02-2023,1,3594,Vendor69,Mumbai,4,Low
169,P1868,11-03-2023,15-03-2023,1,8758,Vendor40,Cochin,4,Low
170,P1870,21-10-2023,25-10-2023,1,1605,Vendor26,Ahmedabad,4,Low
171,P1487,13-07-2022,17-07-2022,2,4201,Vendor7,Hyderabad,4,Low
172,P1515,17-06-2023,21-06-2023,2,6416,Vendor6,Chennai,4,Low
173,P597,13-03-2023,17-03-2023,5,9958,Vendor1,Ahmedabad,4,High
174,P1819,10-07-2022,14-07-2022,1,5200,Vendor99,Vishakapatnam,4,Low
175,P574,04-12-2022,08-12-2022,1,7589,Vendor63,Hyderabad,4,Low
176,P585,23-02-2023,27-02-2023,4,2379,Vendor31,Mumbai,4,Medium
177,P1096,07-10-2022,11-10-2022,3,3881,Vendor56,Delhi,4,Medium
178,P360,25-03-2023,29-03-2023,1,2462,Vendor85,Hyderabad,4,Low
179,P1184,17-09-2022,21-09-2022,2,7569,Vendor62,Hyderabad,4,Low
180,P1425,03-06-2022,07-06-2022,4,1240,Vendor13,Bhopal,4,Medium
181,P458,10-01-2023,14-01-2023,5,7615,Vendor82,Bhopal,4,High
182,P1520,10-08-2022,14-08-2022,4,1328,Vendor9,Bhopal,4,Medium
183,P1292,28-08-2023,01-09-2023,2,975,Vendor17,Ahmedabad,4,Low
184,P186,12-05-2023,16-05-2023,2,3176,Vendor53,Ahmedabad,4,Low
185,P1061,28-12-2021,01-01-2022,5,6099,Vendor96,Bangalore,4,High
186,P802,17-09-2023,21-09-2023,1,2439,Vendor54,Delhi,4,Low
187,P629,18-10-2022,22-10-2022,1,5743,Vendor57,Chennai,4,Low
188,P262,03-08-2023,07-08-2023,1,2280,Vendor61,Bangalore,4,Low
189,P1132,24-05-2022,28-05-2022,5,7823,Vendor53,Chennai,4,High
190,P218,29-10-2022,02-11-2022,2,7488,Vendor54,Chennai,4,Low
191,P1210,11-07-2022,15-07-2022,2,8822,Vendor85,Hyderabad,4,Low
192,P1293,22-06-2023,26-06-2023,1,3038,Vendor20,Bangalore,4,Low
193,P898,16-06-2022,20-06-2022,1,3319,Vendor60,Delhi,4,Low
194,P136,18-05-2022,22-05-2022,3,3673,Vendor90,Bangalore,4,Medium
195,P1960,23-09-2022,27-09-2022,3,9481,Vendor55,Bangalore,4,Medium
196,P245,27-12-2022,31-12-2022,1,662,Vendor93,Delhi,4,Low
197,P1099,08-11-2023,12-11-2023,5,7475,Vendor47,Delhi,4,High
198,P1226,07-12-2021,11-12-2021,4,8413,Vendor74,Ahmedabad,4,Medium
199,P518,30-03-2023,03-04-2023,3,4188,Vendor46,Bhopal,4,Medium
200,P1353,19-09-2023,23-09-2023,5,5677,Vendor7,Hyderabad,4,High
201,P812,17-06-2023,21-06-2023,2,2257,Vendor11,Mumbai,4,Low
202,P1902,03-01-2022,07-01-2022,4,2899,Vendor78,Vishakapatnam,4,Medium
203,P1638,31-08-2022,04-09-2022,1,7924,Vendor92,Vishakapatnam,4,Low
204,P1392,22-06-2023,26-06-2023,2,5520,Vendor9,Delhi,4,Low
205,P1091,26-09-2023,30-09-2023,5,3025,Vendor50,Bangalore,4,High
206,P1477,07-03-2022,11-03-2022,1,4414,Vendor2,Chennai,4,Low
207,P1499,05-10-2022,09-10-2022,1,6624,Vendor55,Bhopal,4,Low
208,P635,06-07-2023,10-07-2023,4,4361,Vendor40,Delhi,4,Medium
209,P1678,08-04-2023,12-04-2023,1,6856,Vendor94,Chennai,4,Low
210,P1855,21-12-2021,25-12-2021,3,966,Vendor87,Vishakapatnam,4,Medium
211,P881,31-10-2022,04-11-2022,2,2347,Vendor97,Bangalore,4,Low
212,P448,23-01-2023,27-01-2023,3,381,Vendor6,Bangalore,4,Medium
213,P630,15-03-2023,19-03-2023,1,6366,Vendor3,Ahmedabad,4,Low
214,P39,06-10-2022,10-10-2022,5,1003,Vendor62,Hyderabad,4,High
215,P868,18-10-2023,22-10-2023,2,385,Vendor1,Ahmedabad,4,Low
216,P1358,01-03-2022,05-03-2022,1,2424,Vendor4,Vishakapatnam,4,Low
217,P160,09-08-2023,13-08-2023,1,6746,Vendor6,Bhopal,4,Low
218,P103,20-09-2022,24-09-2022,5,8811,Vendor44,Mumbai,4,High
219,P373,20-02-2023,24-02-2023,1,3809,Vendor56,Cochin,4,Low
220,P471,18-10-2023,22-10-2023,2,3050,Vendor36,Hyderabad,4,Low
221,P1622,06-09-2023,10-09-2023,3,8355,Vendor12,Ahmedabad,4,Medium
222,P438,16-02-2022,20-02-2022,1,1895,Vendor15,Hyderabad,4,Low
223,P1592,15-07-2023,19-07-2023,1,7046,Vendor10,Vishakapatnam,4,Low
224,P626,07-07-2023,11-07-2023,1,4025,Vendor19,Chennai,4,Low
225,P615,06-05-2023,10-05-2023,3,7975,Vendor80,Chennai,4,Medium
226,P1955,01-04-2022,05-04-2022,1,8942,Vendor93,Hyderabad,4,Low
227,P1777,25-05-2023,29-05-2023,1,7406,Vendor79,Cochin,4,Low
228,P690,13-03-2023,17-03-2023,3,1673,Vendor46,Chennai,4,Medium
229,P1578,21-10-2022,25-10-2022,5,147,Vendor12,Vishakapatnam,4,High
230,P405,22-07-2023,26-07-2023,1,3595,Vendor8,Hyderabad,4,Low
231,P1398,29-12-2022,02-01-2023,3,1638,Vendor7,Bhopal,4,Medium
232,P1082,01-04-2022,05-04-2022,1,4041,Vendor77,Bhopal,4,Low
233,P1181,27-05-2022,31-05-2022,4,7406,Vendor83,Bangalore,4,Medium
234,P1914,23-12-2021,27-12-2021,2,6633,Vendor30,Delhi,4,Low
235,P1939,08-12-2021,12-12-2021,3,4019,Vendor4,Ahmedabad,4,Medium
236,P1074,11-04-2022,15-04-2022,1,6546,Vendor30,Vishakapatnam,4,Low
237,P1274,13-01-2023,17-01-2023,4,5310,Vendor30,Chennai,4,Medium
238,P1328,13-01-2022,17-01-2022,5,5591,Vendor92,Vishakapatnam,4,High
239,P106,07-04-2023,11-04-2023,4,7304,Vendor30,Ahmedabad,4,Medium
240,P789,14-07-2022,18-07-2022,3,2188,Vendor88,Bhopal,4,Medium
241,P1980,30-08-2022,03-09-2022,5,4469,Vendor56,Hyderabad,4,High
242,P1773,15-07-2022,19-07-2022,1,6970,Vendor26,Bhopal,4,Low
243,P1401,08-04-2023,12-04-2023,4,540,Vendor98,Vishakapatnam,4,Medium
244,P748,29-11-2022,03-12-2022,3,8228,Vendor50,Delhi,4,Medium
245,P546,26-12-2021,30-12-2021,5,9118,Vendor61,Bhopal,4,High
246,P376,02-09-2023,06-09-2023,2,7102,Vendor54,Hyderabad,4,Low
247,P716,08-03-2022,12-03-2022,3,3642,Vendor73,Mumbai,4,Medium
248,P927,05-03-2023,09-03-2023,4,7544,Vendor59,Cochin,4,Medium
249,P351,04-07-2022,08-07-2022,5,9947,Vendor83,Hyderabad,4,High
250,P1417,19-10-2023,23-10-2023,4,9499,Vendor77,Ahmedabad,4,Medium
251,P715,17-03-2022,21-03-2022,1,7468,Vendor42,Bhopal,4,Low
252,P459,09-04-2023,13-04-2023,5,1329,Vendor58,Mumbai,4,High
253,P561,15-10-2022,19-10-2022,1,4300,Vendor86,Hyderabad,4,Low
254,P1469,02-10-2023,06-10-2023,5,154,Vendor80,Bangalore,4,High
255,P1372,25-12-2022,29-12-2022,4,8574,Vendor25,Hyderabad,4,Medium
256,P1689,14-09-2023,18-09-2023,3,8728,Vendor71,Bhopal,4,Medium
257,P1773,30-10-2022,03-11-2022,3,3585,Vendor50,Ahmedabad,4,Medium
258,P1373,13-06-2022,17-06-2022,5,6148,Vendor23,Delhi,4,High
259,P1747,20-10-2022,24-10-2022,1,8385,Vendor34,Cochin,4,Low
260,P195,25-06-2022,29-06-2022,3,5280,Vendor12,Hyderabad,4,Medium
261,P340,29-10-2022,02-11-2022,5,1162,Vendor22,Delhi,4,High
262,P633,30-01-2023,03-02-2023,4,5318,Vendor90,Vishakapatnam,4,Medium
263,P191,13-12-2022,17-12-2022,2,582,Vendor42,Cochin,4,Low
264,P945,18-07-2023,22-07-2023,3,7733,Vendor99,Mumbai,4,Medium
265,P977,27-07-2023,31-07-2023,5,2414,Vendor48,Hyderabad,4,High
266,P431,27-03-2022,31-03-2022,3,277,Vendor14,Delhi,4,Medium
267,P786,13-10-2022,17-10-2022,5,1164,Vendor95,Delhi,4,High
268,P1961,08-07-2023,12-07-2023,4,6744,Vendor96,Cochin,4,Medium
269,P418,27-05-2023,31-05-2023,5,2102,Vendor96,Bangalore,4,High
270,P1587,30-12-2021,03-01-2022,4,63,Vendor88,Delhi,4,Medium
271,P968,08-06-2023,12-06-2023,4,1088,Vendor13,Bangalore,4,Medium
272,P1463,20-11-2021,24-11-2021,3,499,Vendor42,Delhi,4,Medium
273,P1817,19-05-2023,23-05-2023,1,9537,Vendor56,Bhopal,4,Low
274,P228,10-12-2021,14-12-2021,5,4563,Vendor16,Bhopal,4,High
275,P235,18-03-2023,22-03-2023,3,8083,Vendor19,Ahmedabad,4,Medium
276,P1291,07-09-2023,11-09-2023,4,3663,Vendor5,Hyderabad,4,Medium
277,P1945,18-03-2022,22-03-2022,4,3192,Vendor55,Chennai,4,Medium
278,P1986,25-01-2022,29-01-2022,1,211,Vendor2,Cochin,4,Low
279,P1053,09-03-2022,13-03-2022,4,7076,Vendor34,Bangalore,4,Medium
280,P1730,28-06-2023,02-07-2023,4,7457,Vendor98,Hyderabad,4,Medium
281,P339,13-04-2022,17-04-2022,4,4090,Vendor74,Cochin,4,Medium
282,P1385,14-12-2022,18-12-2022,1,8205,Vendor5,Delhi,4,Low
283,P867,26-12-2021,30-12-2021,4,1666,Vendor97,Ahmedabad,4,Medium
284,P187,03-04-2022,07-04-2022,5,5088,Vendor81,Hyderabad,4,High
285,P376,19-06-2022,23-06-2022,1,6072,Vendor66,Ahmedabad,4,Low
286,P19,12-01-2023,16-01-2023,5,7186,Vendor15,Cochin,4,High
287,P1151,04-05-2023,08-05-2023,4,8211,Vendor31,Bhopal,4,Medium
288,P1778,04-07-2022,08-07-2022,5,2718,Vendor32,Ahmedabad,4,High
289,P1352,23-01-2022,27-01-2022,4,6052,Vendor20,Delhi,4,Medium
290,P1327,06-05-2023,10-05-2023,4,4790,Vendor24,Bhopal,4,Medium
291,P1335,09-05-2022,13-05-2022,4,8277,Vendor42,Hyderabad,4,Medium
292,P694,29-04-2022,03-05-2022,1,1014,Vendor81,Cochin,4,Low
293,P64,25-07-2023,29-07-2023,5,4858,Vendor89,Hyderabad,4,High
294,P510,18-07-2022,22-07-2022,4,5984,Vendor63,Bangalore,4,Medium
295,P1610,17-12-2022,21-12-2022,3,6805,Vendor80,Delhi,4,Medium
296,P412,28-05-2023,01-06-2023,3,6514,Vendor85,Bangalore,4,Medium
297,P339,28-11-2022,02-12-2022,2,6007,Vendor89,Bangalore,4,Low
298,P265,07-10-2022,11-10-2022,5,6799,Vendor12,Bhopal,4,High
299,P1184,27-05-2023,31-05-2023,4,2293,Vendor35,Vishakapatnam,4,Medium
300,P1542,21-05-2022,25-05-2022,3,5905,Vendor35,Delhi,4,Medium
301,P403,11-03-2022,18-03-2022,3,3711,Vendor4,Bhopal,7,Medium
302,P1198,24-06-2023,01-07-2023,1,9239,Vendor98,Vishakapatnam,7,Low
303,P1229,19-08-2022,26-08-2022,4,8093,Vendor37,Bangalore,7,Medium
304,P1836,13-10-2023,20-10-2023,1,6800,Vendor25,Hyderabad,7,Low
305,P524,07-03-2023,14-03-2023,1,5095,Vendor85,Bhopal,7,Low
306,P94,12-02-2022,19-02-2022,4,4186,Vendor11,Mumbai,7,Medium
307,P678,16-01-2022,23-01-2022,3,6493,Vendor19,Bangalore,7,Medium
308,P294,14-03-2023,21-03-2023,4,364,Vendor10,Vishakapatnam,7,Medium
309,P1199,20-11-2021,27-11-2021,2,8504,Vendor27,Hyderabad,7,Low
310,P458,11-09-2023,18-09-2023,2,2129,Vendor98,Cochin,7,Low
311,P339,24-06-2023,01-07-2023,3,3202,Vendor69,Cochin,7,Medium
312,P838,16-06-2022,23-06-2022,5,5700,Vendor68,Bangalore,7,High
313,P1126,04-11-2022,11-11-2022,4,6875,Vendor62,Chennai,7,Medium
314,P1444,02-04-2023,09-04-2023,5,7023,Vendor71,Ahmedabad,7,High
315,P1318,10-10-2022,17-10-2022,5,7938,Vendor55,Hyderabad,7,High
316,P520,03-12-2021,10-12-2021,1,7699,Vendor99,Bangalore,7,Low
317,P345,10-06-2023,17-06-2023,5,9233,Vendor24,Hyderabad,7,High
318,P1300,12-10-2023,19-10-2023,5,9628,Vendor56,Delhi,7,High
319,P943,25-07-2023,01-08-2023,5,5426,Vendor85,Mumbai,7,High
320,P1206,03-01-2023,10-01-2023,3,2814,Vendor22,Vishakapatnam,7,Medium
321,P1810,13-07-2022,20-07-2022,4,1380,Vendor73,Chennai,7,Medium
322,P193,07-03-2023,14-03-2023,2,7117,Vendor20,Delhi,7,Low
323,P248,13-11-2022,20-11-2022,2,1842,Vendor80,Delhi,7,Low
324,P867,04-10-2022,11-10-2022,5,8378,Vendor44,Bangalore,7,High
325,P334,04-02-2022,11-02-2022,2,3506,Vendor57,Bhopal,7,Low
326,P1197,29-08-2023,05-09-2023,1,7067,Vendor82,Cochin,7,Low
327,P1075,12-10-2023,19-10-2023,1,4258,Vendor82,Hyderabad,7,Low
328,P1841,07-04-2023,14-04-2023,1,5640,Vendor96,Bhopal,7,Low
329,P694,31-08-2022,07-09-2022,1,636,Vendor46,Bangalore,7,Low
330,P989,11-05-2023,18-05-2023,3,534,Vendor68,Chennai,7,Medium
331,P420,10-06-2023,17-06-2023,3,5516,Vendor89,Mumbai,7,Medium
332,P1743,09-12-2021,16-12-2021,1,2677,Vendor65,Cochin,7,Low
333,P791,26-11-2021,03-12-2021,4,4464,Vendor98,Vishakapatnam,7,Medium
334,P1645,14-06-2022,21-06-2022,4,7075,Vendor45,Ahmedabad,7,Medium
335,P1383,07-02-2023,14-02-2023,5,9933,Vendor93,Delhi,7,High
336,P1788,21-05-2022,28-05-2022,5,7097,Vendor9,Ahmedabad,7,High
337,P957,15-01-2022,22-01-2022,5,9947,Vendor10,Delhi,7,High
338,P1253,05-04-2022,12-04-2022,3,5751,Vendor12,Ahmedabad,7,Medium
339,P948,03-08-2023,10-08-2023,3,3490,Vendor63,Mumbai,7,Medium
340,P469,17-04-2023,27-04-2023,3,9163,Vendor47,Vishakapatnam,10,Medium
341,P1109,04-01-2022,14-01-2022,1,3067,Vendor100,Cochin,10,Low
342,P784,12-06-2023,22-06-2023,3,1599,Vendor85,Hyderabad,10,Medium
343,P1469,07-01-2023,17-01-2023,3,8264,Vendor17,Cochin,10,Medium
344,P1329,26-07-2022,05-08-2022,4,3037,Vendor73,Ahmedabad,10,Medium
345,P1780,06-05-2022,16-05-2022,5,5040,Vendor15,Delhi,10,High
346,P751,13-04-2022,23-04-2022,2,2249,Vendor72,Cochin,10,Low
347,P1566,13-06-2023,23-06-2023,2,9591,Vendor29,Hyderabad,10,Low
348,P200,10-03-2022,20-03-2022,1,3983,Vendor29,Bhopal,10,Low
349,P353,17-11-2022,27-11-2022,2,8906,Vendor24,Vishakapatnam,10,Low
350,P332,21-03-2023,31-03-2023,5,8882,Vendor38,Bangalore,10,High
351,P1509,28-08-2023,07-09-2023,4,6030,Vendor7,Cochin,10,Medium
352,P551,26-03-2022,05-04-2022,4,8913,Vendor53,Ahmedabad,10,Medium
353,P150,13-10-2022,23-10-2022,3,33,Vendor25,Cochin,10,Medium
354,P1935,10-05-2023,20-05-2023,1,2917,Vendor90,Hyderabad,10,Low
355,P808,03-07-2022,13-07-2022,5,968,Vendor48,Delhi,10,High
356,P336,14-03-2022,24-03-2022,4,1830,Vendor15,Hyderabad,10,Medium
357,P269,12-03-2022,22-03-2022,3,210,Vendor99,Bhopal,10,Medium
358,P593,10-06-2022,20-06-2022,4,1919,Vendor32,Mumbai,10,Medium
359,P1874,18-12-2021,28-12-2021,2,8283,Vendor23,Hyderabad,10,Low
360,P831,05-07-2022,15-07-2022,4,9888,Vendor89,Chennai,10,Medium
361,P999,17-02-2023,27-02-2023,4,9707,Vendor50,Mumbai,10,Medium
362,P1579,05-06-2023,15-06-2023,1,9433,Vendor60,Hyderabad,10,Low
363,P1001,05-11-2023,15-11-2023,5,4324,Vendor81,Bhopal,10,High
364,P1743,26-10-2023,05-11-2023,3,9040,Vendor11,Bangalore,10,Medium
365,P431,06-05-2022,16-05-2022,4,4892,Vendor28,Mumbai,10,Medium
366,P1606,06-09-2022,16-09-2022,3,6680,Vendor66,Cochin,10,Medium
367,P1688,05-06-2022,15-06-2022,4,6832,Vendor46,Bangalore,10,Medium
368,P830,22-04-2022,02-05-2022,5,8904,Vendor43,Hyderabad,10,High
369,P698,09-12-2022,19-12-2022,3,5216,Vendor84,Delhi,10,Medium
370,P401,22-06-2022,02-07-2022,1,9903,Vendor89,Hyderabad,10,Low
371,P455,05-10-2022,15-10-2022,4,8883,Vendor72,Cochin,10,Medium
372,P417,09-10-2022,19-10-2022,3,2428,Vendor43,Bangalore,10,Medium
373,P680,15-12-2021,25-12-2021,1,995,Vendor32,Bhopal,10,Low
374,P1540,12-01-2022,22-01-2022,1,9554,Vendor58,Cochin,10,Low
375,P474,17-01-2022,27-01-2022,1,3699,Vendor12,Mumbai,10,Low
376,P1320,25-08-2023,04-09-2023,3,9219,Vendor30,Hyderabad,10,Medium
377,P1827,15-06-2023,25-06-2023,4,771,Vendor76,Bangalore,10,Medium
378,P850,31-08-2023,10-09-2023,3,4189,Vendor62,Vishakapatnam,10,Medium
379,P360,15-02-2023,25-02-2023,2,4532,Vendor29,Vishakapatnam,10,Low
380,P1242,17-03-2022,27-03-2022,5,5260,Vendor20,Bangalore,10,High
381,P1497,20-09-2023,30-09-2023,2,7173,Vendor37,Bangalore,10,Low
382,P1624,20-03-2023,30-03-2023,2,1860,Vendor86,Bhopal,10,Low
383,P1651,31-07-2023,10-08-2023,2,4365,Vendor79,Bhopal,10,Low
384,P1169,18-07-2022,28-07-2022,4,5765,Vendor2,Delhi,10,Medium
385,P920,28-09-2023,08-10-2023,1,5700,Vendor80,Cochin,10,Low
386,P420,29-01-2023,08-02-2023,2,8305,Vendor92,Chennai,10,Low
387,P627,19-03-2022,29-03-2022,1,5609,Vendor72,Bangalore,10,Low
388,P386,06-06-2023,16-06-2023,2,7714,Vendor41,Mumbai,10,Low
389,P417,23-06-2022,03-07-2022,4,5759,Vendor95,Cochin,10,Medium
390,P1453,17-11-2022,27-11-2022,5,2069,Vendor95,Hyderabad,10,High
391,P486,08-05-2023,18-05-2023,2,5069,Vendor31,Vishakapatnam,10,Low
392,P20,13-11-2023,23-11-2023,1,4876,Vendor71,Chennai,10,Low
393,P961,31-12-2022,10-01-2023,1,5295,Vendor14,Delhi,10,Low
394,P1045,27-05-2022,06-06-2022,3,7951,Vendor63,Hyderabad,10,Medium
395,P709,20-06-2023,30-06-2023,1,2279,Vendor37,Vishakapatnam,10,Low
396,P993,13-08-2022,23-08-2022,1,781,Vendor11,Mumbai,10,Low
397,P503,28-09-2022,08-10-2022,4,6658,Vendor100,Bhopal,10,Medium
398,P1896,24-05-2023,03-06-2023,3,2385,Vendor49,Bangalore,10,Medium
399,P334,03-06-2022,13-06-2022,3,2952,Vendor13,Hyderabad,10,Medium
400,P88,25-09-2023,05-10-2023,1,4171,Vendor89,Hyderabad,10,Low
401,P1605,08-07-2023,18-07-2023,5,8649,Vendor84,Cochin,10,High
402,P1376,01-06-2023,11-06-2023,5,6993,Vendor56,Hyderabad,10,High
403,P172,07-03-2023,17-03-2023,5,4139,Vendor37,Ahmedabad,10,High
404,P418,07-09-2023,17-09-2023,2,6013,Vendor38,Hyderabad,10,Low
405,P1668,24-03-2022,03-04-2022,3,1624,Vendor39,Hyderabad,10,Medium
406,P1693,22-03-2022,01-04-2022,1,9959,Vendor38,Hyderabad,10,Low
407,P1852,17-02-2022,27-02-2022,2,2236,Vendor34,Cochin,10,Low
408,P576,01-03-2022,11-03-2022,5,2796,Vendor68,Vishakapatnam,10,High
409,P1093,04-11-2023,14-11-2023,3,6727,Vendor3,Hyderabad,10,Medium
410,P791,29-04-2022,09-05-2022,1,7854,Vendor3,Bangalore,10,Low
411,P1933,03-07-2023,13-07-2023,1,1898,Vendor32,Ahmedabad,10,Low
412,P391,06-08-2022,16-08-2022,2,3564,Vendor87,Hyderabad,10,Low
413,P1405,15-04-2022,25-04-2022,3,9039,Vendor75,Vishakapatnam,10,Medium
414,P1759,07-12-2021,17-12-2021,1,4558,Vendor73,Delhi,10,Low
415,P127,02-10-2023,12-10-2023,5,4104,Vendor80,Delhi,10,High
416,P447,19-12-2021,29-12-2021,4,4042,Vendor45,Hyderabad,10,Medium
417,P1959,15-03-2022,25-03-2022,1,816,Vendor82,Delhi,10,Low
418,P1752,27-09-2023,07-10-2023,3,8604,Vendor71,Mumbai,10,Medium
419,P1881,18-12-2022,28-12-2022,2,7921,Vendor25,Vishakapatnam,10,Low
420,P657,29-11-2021,09-12-2021,3,1381,Vendor86,Cochin,10,Medium
421,P294,27-02-2023,09-03-2023,1,5016,Vendor1,Delhi,10,Low
422,P712,07-09-2023,17-09-2023,2,4256,Vendor25,Hyderabad,10,Low
423,P1647,14-03-2023,22-03-2023,5,4785,Vendor90,Ahmedabad,8,High
424,P1346,07-07-2022,15-07-2022,3,9315,Vendor96,Delhi,8,Medium
425,P979,10-04-2023,18-04-2023,2,5594,Vendor100,Ahmedabad,8,Low
426,P1785,02-08-2022,10-08-2022,2,5370,Vendor32,Bhopal,8,Low
427,P380,19-11-2022,27-11-2022,1,4369,Vendor85,Bangalore,8,Low
428,P1992,18-10-2022,26-10-2022,2,1363,Vendor7,Chennai,8,Low
429,P273,21-11-2021,29-11-2021,2,2896,Vendor24,Cochin,8,Low
430,P390,13-02-2022,21-02-2022,1,4590,Vendor29,Chennai,8,Low
431,P1177,06-11-2023,14-11-2023,5,1517,Vendor60,Ahmedabad,8,High
432,P1124,11-11-2023,19-11-2023,5,3259,Vendor46,Bhopal,8,High
433,P315,07-08-2022,15-08-2022,2,2173,Vendor58,Bhopal,8,Low
434,P198,04-05-2023,12-05-2023,2,5340,Vendor83,Hyderabad,8,Low
435,P163,23-10-2022,31-10-2022,5,8223,Vendor66,Bangalore,8,High
436,P944,06-07-2023,14-07-2023,4,6758,Vendor35,Mumbai,8,Medium
437,P856,16-11-2023,24-11-2023,2,7476,Vendor29,Vishakapatnam,8,Low
438,P35,08-05-2022,16-05-2022,4,6028,Vendor7,Vishakapatnam,8,Medium
439,P1699,29-08-2022,06-09-2022,3,470,Vendor78,Chennai,8,Medium
440,P1267,06-08-2022,14-08-2022,3,9433,Vendor29,Hyderabad,8,Medium
441,P92,31-03-2022,08-04-2022,1,601,Vendor34,Bangalore,8,Low
442,P535,30-11-2022,08-12-2022,3,2408,Vendor20,Ahmedabad,8,Medium
443,P1892,14-02-2022,22-02-2022,3,1899,Vendor70,Vishakapatnam,8,Medium
444,P235,06-12-2022,14-12-2022,4,3803,Vendor33,Chennai,8,Medium
445,P538,22-02-2023,02-03-2023,3,3104,Vendor90,Delhi,8,Medium
446,P677,22-01-2023,30-01-2023,1,2459,Vendor22,Mumbai,8,Low
447,P1499,20-07-2023,28-07-2023,5,3199,Vendor25,Chennai,8,High
448,P51,16-04-2022,24-04-2022,5,4311,Vendor33,Chennai,8,High
449,P1929,28-01-2022,05-02-2022,2,274,Vendor64,Mumbai,8,Low
450,P486,24-07-2022,01-08-2022,4,9383,Vendor25,Hyderabad,8,Medium
451,P1913,14-01-2023,22-01-2023,1,7342,Vendor54,Hyderabad,8,Low
452,P1966,14-07-2023,22-07-2023,4,7021,Vendor15,Ahmedabad,8,Medium
453,P14,16-07-2022,24-07-2022,3,1522,Vendor73,Mumbai,8,Medium
454,P1871,19-07-2022,27-07-2022,1,2907,Vendor91,Vishakapatnam,8,Low
455,P306,31-12-2022,08-01-2023,5,8486,Vendor97,Cochin,8,High
456,P173,24-01-2023,01-02-2023,3,7489,Vendor59,Chennai,8,Medium
457,P807,23-12-2022,31-12-2022,2,7052,Vendor84,Hyderabad,8,Low
458,P673,22-04-2023,30-04-2023,5,120,Vendor79,Delhi,8,High
459,P739,02-04-2022,10-04-2022,3,9275,Vendor16,Cochin,8,Medium
460,P98,01-07-2023,09-07-2023,1,7522,Vendor52,Ahmedabad,8,Low
461,P184,09-08-2023,17-08-2023,3,5995,Vendor50,Hyderabad,8,Medium
462,P1966,14-01-2023,22-01-2023,1,6055,Vendor74,Ahmedabad,8,Low
463,P101,25-01-2023,02-02-2023,2,4993,Vendor91,Chennai,8,Low
464,P1205,22-05-2022,30-05-2022,3,6733,Vendor13,Delhi,8,Medium
465,P1141,15-04-2022,23-04-2022,2,2432,Vendor79,Vishakapatnam,8,Low
466,P728,02-07-2023,10-07-2023,5,3111,Vendor34,Cochin,8,High
467,P1377,24-09-2022,02-10-2022,1,5802,Vendor43,Hyderabad,8,Low
468,P441,08-02-2023,16-02-2023,2,4968,Vendor25,Chennai,8,Low
469,P608,08-09-2023,16-09-2023,1,9354,Vendor82,Bangalore,8,Low
470,P565,18-07-2022,26-07-2022,4,3638,Vendor83,Mumbai,8,Medium
471,P1117,05-02-2022,13-02-2022,1,3477,Vendor98,Hyderabad,8,Low
472,P678,19-06-2023,27-06-2023,3,9599,Vendor19,Bangalore,8,Medium
473,P1837,10-05-2022,18-05-2022,5,784,Vendor73,Mumbai,8,High
474,P1392,16-12-2021,24-12-2021,5,4834,Vendor31,Hyderabad,8,High
475,P1984,26-10-2023,03-11-2023,2,6340,Vendor68,Vishakapatnam,8,Low
476,P1325,25-10-2022,02-11-2022,5,8836,Vendor92,Bhopal,8,High
477,P1059,24-12-2022,01-01-2023,1,8629,Vendor30,Vishakapatnam,8,Low
478,P853,08-09-2023,16-09-2023,5,48,Vendor87,Bangalore,8,High
479,P1592,26-07-2022,03-08-2022,2,8021,Vendor75,Ahmedabad,8,Low
480,P1871,29-03-2023,06-04-2023,2,2526,Vendor26,Mumbai,8,Low
481,P792,11-11-2022,19-11-2022,4,4662,Vendor45,Hyderabad,8,Medium
482,P1645,16-06-2022,24-06-2022,5,9623,Vendor17,Hyderabad,8,High
483,P847,22-09-2022,30-09-2022,1,5168,Vendor62,Cochin,8,Low
484,P711,16-06-2023,24-06-2023,5,9623,Vendor82,Mumbai,8,High
485,P1496,30-12-2021,07-01-2022,1,5929,Vendor57,Hyderabad,8,Low
486,P1052,20-06-2022,28-06-2022,3,4613,Vendor76,Hyderabad,8,Medium
487,P62,15-11-2023,23-11-2023,2,3900,Vendor15,Delhi,8,Low
488,P972,29-06-2022,07-07-2022,5,100,Vendor6,Hyderabad,8,High
489,P1461,19-02-2023,27-02-2023,4,9672,Vendor9,Delhi,8,Medium
490,P937,11-10-2022,19-10-2022,2,9189,Vendor45,Delhi,8,Low
491,P99,13-06-2022,21-06-2022,4,8202,Vendor31,Hyderabad,8,Medium
492,P262,22-03-2022,30-03-2022,4,6412,Vendor16,Mumbai,8,Medium
493,P513,23-12-2021,31-12-2021,2,4270,Vendor18,Delhi,8,Low
494,P8,11-05-2023,19-05-2023,4,7580,Vendor66,Bhopal,8,Medium
495,P420,25-08-2023,02-09-2023,1,3946,Vendor52,Ahmedabad,8,Low
496,P1796,21-12-2021,29-12-2021,3,3183,Vendor81,Chennai,8,Medium
497,P1282,20-09-2022,28-09-2022,2,2646,Vendor56,Ahmedabad,8,Low
498,P184,11-02-2022,19-02-2022,1,8929,Vendor27,Ahmedabad,8,Low
499,P330,02-03-2022,08-03-2022,5,2269,Vendor31,Hyderabad,6,High
500,P858,04-07-2022,10-07-2022,5,569,Vendor96,Hyderabad,6,High
501,P1793,10-02-2022,16-02-2022,1,8563,Vendor63,Hyderabad,6,Low
502,P706,14-11-2022,20-11-2022,4,2993,Vendor44,Bhopal,6,Medium
503,P930,08-06-2023,14-06-2023,2,8287,Vendor44,Vishakapatnam,6,Low
504,P1985,01-12-2021,07-12-2021,2,6591,Vendor61,Chennai,6,Low
505,P1182,30-10-2022,05-11-2022,5,7010,Vendor2,Vishakapatnam,6,High
506,P1489,08-02-2022,14-02-2022,1,5452,Vendor33,Cochin,6,Low
507,P1341,08-04-2022,14-04-2022,4,9338,Vendor22,Mumbai,6,Medium
508,P1317,27-09-2022,03-10-2022,4,4674,Vendor59,Ahmedabad,6,Medium
509,P468,29-05-2023,04-06-2023,1,2191,Vendor97,Mumbai,6,Low
510,P1880,14-06-2023,20-06-2023,4,6033,Vendor72,Hyderabad,6,Medium
511,P466,19-12-2021,25-12-2021,4,7046,Vendor56,Vishakapatnam,6,Medium
512,P252,23-03-2023,29-03-2023,2,9915,Vendor42,Bangalore,6,Low
513,P1913,02-03-2023,08-03-2023,3,2932,Vendor88,Mumbai,6,Medium
514,P1168,06-03-2022,12-03-2022,2,5575,Vendor1,Cochin,6,Low
515,P541,05-01-2022,11-01-2022,3,3244,Vendor61,Bhopal,6,Medium
516,P144,05-03-2023,11-03-2023,4,9819,Vendor6,Chennai,6,Medium
517,P1405,12-07-2022,18-07-2022,4,8442,Vendor66,Cochin,6,Medium
518,P1741,24-01-2022,30-01-2022,1,6112,Vendor82,Mumbai,6,Low
519,P424,25-01-2022,31-01-2022,4,4521,Vendor30,Cochin,6,Medium
520,P428,02-11-2022,08-11-2022,2,730,Vendor35,Vishakapatnam,6,Low
521,P1326,31-05-2022,06-06-2022,5,6809,Vendor4,Delhi,6,High
522,P1930,28-06-2022,04-07-2022,1,1787,Vendor66,Bhopal,6,Low
523,P1467,25-09-2023,01-10-2023,3,4281,Vendor92,Chennai,6,Medium
524,P1438,14-09-2023,20-09-2023,2,3873,Vendor46,Cochin,6,Low
525,P1856,08-12-2022,14-12-2022,1,6779,Vendor36,Bhopal,6,Low
526,P1724,29-11-2022,05-12-2022,4,4199,Vendor75,Mumbai,6,Medium
527,P1647,05-03-2022,11-03-2022,3,8469,Vendor87,Hyderabad,6,Medium
528,P165,23-02-2022,01-03-2022,1,528,Vendor64,Hyderabad,6,Low
529,P879,14-05-2023,20-05-2023,4,5111,Vendor3,Bhopal,6,Medium
530,P1600,09-01-2023,15-01-2023,5,7955,Vendor59,Ahmedabad,6,High
531,P938,18-02-2022,24-02-2022,5,2650,Vendor37,Hyderabad,6,High
532,P1513,12-02-2023,18-02-2023,4,335,Vendor76,Bangalore,6,Medium
533,P1748,05-09-2023,11-09-2023,3,2429,Vendor50,Cochin,6,Medium
534,P1023,16-09-2022,22-09-2022,1,91,Vendor41,Hyderabad,6,Low
535,P514,07-03-2022,13-03-2022,5,7855,Vendor18,Mumbai,6,High
536,P373,03-11-2022,09-11-2022,2,2236,Vendor98,Delhi,6,Low
537,P1713,22-08-2022,28-08-2022,1,7126,Vendor6,Ahmedabad,6,Low
538,P923,04-12-2022,10-12-2022,5,4453,Vendor34,Chennai,6,High
539,P712,20-04-2022,26-04-2022,2,9279,Vendor83,Delhi,6,Low
540,P1442,21-06-2023,27-06-2023,3,6588,Vendor68,Mumbai,6,Medium
541,P580,14-09-2022,20-09-2022,2,2182,Vendor70,Ahmedabad,6,Low
542,P874,06-09-2022,12-09-2022,5,5172,Vendor59,Vishakapatnam,6,High
543,P1358,02-06-2023,08-06-2023,3,3473,Vendor2,Vishakapatnam,6,Medium
544,P295,24-02-2023,02-03-2023,5,887,Vendor93,Vishakapatnam,6,High
545,P525,06-01-2022,12-01-2022,4,5738,Vendor92,Bhopal,6,Medium
546,P1848,21-01-2022,27-01-2022,5,3867,Vendor80,Ahmedabad,6,High
547,P493,10-12-2022,16-12-2022,5,5679,Vendor90,Mumbai,6,High
548,P1928,19-01-2022,25-01-2022,4,6953,Vendor64,Chennai,6,Medium
549,P345,11-03-2023,17-03-2023,5,972,Vendor75,Cochin,6,High
550,P383,10-06-2023,16-06-2023,5,2528,Vendor86,Bhopal,6,High
551,P1258,16-11-2023,22-11-2023,1,2137,Vendor42,Cochin,6,Low
552,P1350,07-12-2021,13-12-2021,5,4087,Vendor12,Hyderabad,6,High
553,P732,22-04-2022,28-04-2022,5,5781,Vendor16,Hyderabad,6,High
554,P1227,20-06-2023,26-06-2023,4,8700,Vendor98,Vishakapatnam,6,Medium
555,P1573,28-03-2023,03-04-2023,3,7485,Vendor49,Hyderabad,6,Medium
556,P256,18-12-2021,24-12-2021,2,4853,Vendor17,Mumbai,6,Low
557,P260,18-10-2022,24-10-2022,3,1728,Vendor50,Chennai,6,Medium
558,P1543,17-05-2022,23-05-2022,1,6026,Vendor94,Bhopal,6,Low
559,P943,11-07-2022,17-07-2022,2,6236,Vendor2,Chennai,6,Low
560,P1965,27-04-2022,03-05-2022,1,5722,Vendor68,Bhopal,6,Low
561,P1900,08-08-2022,14-08-2022,1,2683,Vendor13,Hyderabad,6,Low
562,P1376,04-12-2022,10-12-2022,3,9830,Vendor83,Vishakapatnam,6,Medium
563,P1636,07-04-2023,13-04-2023,3,2022,Vendor22,Ahmedabad,6,Medium
564,P658,21-12-2021,27-12-2021,2,1163,Vendor43,Hyderabad,6,Low
565,P745,26-04-2023,02-05-2023,2,6054,Vendor46,Bhopal,6,Low
566,P1557,08-05-2023,14-05-2023,5,8781,Vendor98,Bangalore,6,High
567,P1515,04-10-2022,10-10-2022,2,2087,Vendor74,Bhopal,6,Low
568,P307,10-10-2022,16-10-2022,2,6378,Vendor94,Delhi,6,Low
569,P1249,24-06-2023,30-06-2023,5,6209,Vendor1,Vishakapatnam,6,High
570,P1082,13-03-2023,19-03-2023,5,4031,Vendor66,Bhopal,6,High
571,P1283,21-12-2021,27-12-2021,1,8500,Vendor55,Bhopal,6,Low
572,P1469,11-01-2022,17-01-2022,1,7922,Vendor97,Ahmedabad,6,Low
573,P1128,26-08-2022,01-09-2022,1,3188,Vendor3,Hyderabad,6,Low
574,P1710,10-03-2022,16-03-2022,2,4671,Vendor65,Delhi,6,Low
575,P913,23-09-2022,29-09-2022,5,9638,Vendor27,Hyderabad,6,High
576,P28,30-03-2022,05-04-2022,5,140,Vendor40,Vishakapatnam,6,High
577,P1639,27-07-2023,02-08-2023,1,3044,Vendor2,Bhopal,6,Low
578,P1213,26-04-2022,02-05-2022,3,4192,Vendor50,Mumbai,6,Medium
579,P928,08-02-2022,14-02-2022,4,2029,Vendor80,Delhi,6,Medium
580,P244,21-12-2022,27-12-2022,5,2071,Vendor97,Ahmedabad,6,High
581,P466,21-03-2023,27-03-2023,2,1568,Vendor96,Mumbai,6,Low
582,P1615,13-08-2023,19-08-2023,5,6665,Vendor88,Hyderabad,6,High
583,P1238,27-05-2023,02-06-2023,3,2494,Vendor75,Hyderabad,6,Medium
584,P1044,05-11-2022,11-11-2022,5,1930,Vendor33,Vishakapatnam,6,High
585,P139,12-06-2022,18-06-2022,4,6797,Vendor21,Hyderabad,6,Medium
586,P1197,28-08-2023,03-09-2023,4,1272,Vendor21,Bangalore,6,Medium
587,P1299,05-09-2023,11-09-2023,4,1049,Vendor42,Chennai,6,Medium
588,P1905,26-12-2022,01-01-2023,3,4708,Vendor54,Ahmedabad,6,Medium
589,P1095,02-01-2022,08-01-2022,1,5939,Vendor43,Ahmedabad,6,Low
590,P1303,06-05-2022,12-05-2022,5,935,Vendor30,Mumbai,6,High
591,P1357,14-05-2022,20-05-2022,4,2308,Vendor88,Cochin,6,Medium
592,P212,01-02-2022,07-02-2022,4,5950,Vendor3,Hyderabad,6,Medium
593,P1139,10-03-2023,16-03-2023,5,8366,Vendor46,Chennai,6,High
594,P776,02-08-2022,08-08-2022,2,2233,Vendor99,Vishakapatnam,6,Low
595,P1422,30-04-2022,06-05-2022,3,7957,Vendor95,Delhi,6,Medium
596,P963,04-06-2023,10-06-2023,4,9624,Vendor12,Bhopal,6,Medium
597,P909,05-07-2022,11-07-2022,4,7238,Vendor11,Mumbai,6,Medium
598,P1250,05-02-2023,11-02-2023,2,7974,Vendor78,Bhopal,6,Low
599,P221,20-09-2022,26-09-2022,4,8565,Vendor34,Mumbai,6,Medium
600,P1240,05-06-2022,11-06-2022,5,1095,Vendor19,Vishakapatnam,6,High
601,P1725,23-12-2022,29-12-2022,2,6894,Vendor46,Delhi,6,Low
602,P1849,03-08-2023,09-08-2023,1,5361,Vendor81,Delhi,6,Low
603,P286,21-03-2023,27-03-2023,4,4232,Vendor64,Ahmedabad,6,Medium
604,P399,18-03-2023,24-03-2023,1,4850,Vendor100,Vishakapatnam,6,Low
605,P1947,08-06-2023,14-06-2023,5,2984,Vendor76,Chennai,6,High
606,P840,13-01-2022,19-01-2022,3,6039,Vendor80,Vishakapatnam,6,Medium
607,P1106,12-12-2021,18-12-2021,3,8780,Vendor51,Cochin,6,Medium
608,P812,09-10-2022,15-10-2022,4,8170,Vendor33,Delhi,6,Medium
609,P407,07-03-2022,13-03-2022,5,6224,Vendor100,Delhi,6,High
610,P1268,28-03-2022,03-04-2022,1,5449,Vendor35,Bhopal,6,Low
611,P906,06-06-2023,12-06-2023,4,9533,Vendor12,Bhopal,6,Medium
612,P1130,24-09-2022,30-09-2022,2,8063,Vendor13,Bhopal,6,Low
613,P827,02-10-2023,08-10-2023,4,849,Vendor42,Ahmedabad,6,Medium
614,P33,25-09-2022,01-10-2022,3,9666,Vendor18,Delhi,6,Medium
615,P209,03-04-2023,09-04-2023,5,6191,Vendor91,Hyderabad,6,High
616,P461,29-06-2022,05-07-2022,1,1056,Vendor39,Hyderabad,6,Low
617,P112,08-10-2022,14-10-2022,5,3808,Vendor75,Hyderabad,6,High
618,P1977,30-04-2022,06-05-2022,4,3408,Vendor74,Bhopal,6,Medium
619,P477,25-10-2023,31-10-2023,3,8634,Vendor11,Hyderabad,6,Medium
620,P747,06-08-2023,12-08-2023,3,9985,Vendor38,Cochin,6,Medium
621,P23,05-09-2022,11-09-2022,2,9191,Vendor74,Bhopal,6,Low
622,P664,29-10-2022,04-11-2022,1,7634,Vendor100,Chennai,6,Low
623,P876,21-10-2022,27-10-2022,3,9691,Vendor79,Cochin,6,Medium
624,P764,28-02-2022,06-03-2022,2,1987,Vendor5,Bangalore,6,Low
625,P1687,19-07-2022,25-07-2022,5,8978,Vendor5,Bangalore,6,High
626,P95,12-05-2022,18-05-2022,3,5099,Vendor25,Hyderabad,6,Medium
627,P912,06-07-2023,12-07-2023,3,9396,Vendor86,Bangalore,6,Medium
628,P1323,30-03-2022,05-04-2022,2,6875,Vendor73,Bhopal,6,Low
629,P1564,28-06-2023,04-07-2023,4,820,Vendor59,Mumbai,6,Medium
630,P1787,14-06-2022,20-06-2022,2,5511,Vendor74,Bangalore,6,Low
631,P242,21-11-2021,27-11-2021,1,2845,Vendor63,Cochin,6,Low
632,P548,05-12-2022,11-12-2022,1,7084,Vendor36,Chennai,6,Low
633,P1537,15-08-2023,21-08-2023,4,2557,Vendor26,Hyderabad,6,Medium
634,P609,28-05-2022,03-06-2022,3,9912,Vendor5,Delhi,6,Medium
635,P1203,26-03-2023,01-04-2023,4,9005,Vendor11,Mumbai,6,Medium
636,P1260,16-07-2022,22-07-2022,5,7610,Vendor93,Hyderabad,6,High
637,P910,13-11-2023,19-11-2023,3,4673,Vendor68,Delhi,6,Medium
638,P730,26-06-2023,02-07-2023,4,2796,Vendor93,Cochin,6,Medium
639,P1217,07-06-2023,13-06-2023,3,7840,Vendor45,Hyderabad,6,Medium
640,P1602,26-09-2022,02-10-2022,3,6628,Vendor69,Ahmedabad,6,Medium
641,P539,31-10-2022,06-11-2022,1,2006,Vendor84,Delhi,6,Low
642,P210,19-04-2022,25-04-2022,1,3383,Vendor13,Bangalore,6,Low
643,P561,05-06-2023,11-06-2023,1,4502,Vendor89,Hyderabad,6,Low
644,P1737,22-08-2022,28-08-2022,2,3964,Vendor12,Mumbai,6,Low
645,P469,25-05-2022,31-05-2022,4,6333,Vendor54,Delhi,6,Medium
646,P52,20-03-2023,26-03-2023,2,3807,Vendor75,Hyderabad,6,Low
647,P172,24-11-2021,30-11-2021,2,2457,Vendor41,Delhi,6,Low
648,P1947,27-07-2023,02-08-2023,4,4164,Vendor55,Chennai,6,Medium
649,P1073,29-04-2022,05-05-2022,4,1061,Vendor9,Bhopal,6,Medium
650,P799,12-01-2022,18-01-2022,2,2341,Vendor21,Bangalore,6,Low
651,P462,22-12-2022,28-12-2022,4,9155,Vendor59,Mumbai,6,Medium
652,P437,26-11-2021,02-12-2021,5,4012,Vendor69,Bangalore,6,High
653,P1510,25-12-2022,31-12-2022,5,3572,Vendor78,Hyderabad,6,High
654,P325,20-01-2023,26-01-2023,3,3616,Vendor100,Ahmedabad,6,Medium
655,P1768,24-10-2022,30-10-2022,2,8608,Vendor31,Ahmedabad,6,Low
656,P1613,05-06-2023,11-06-2023,3,11,Vendor73,Ahmedabad,6,Medium
657,P121,05-12-2022,11-12-2022,3,9542,Vendor5,Vishakapatnam,6,Medium
658,P1513,15-12-2021,21-12-2021,1,6134,Vendor47,Mumbai,6,Low
659,P395,23-05-2022,29-05-2022,1,898,Vendor87,Hyderabad,6,Low
660,P584,13-07-2022,19-07-2022,2,5452,Vendor45,Bhopal,6,Low
661,P84,22-01-2023,28-01-2023,5,9221,Vendor72,Ahmedabad,6,High
662,P1681,18-07-2022,24-07-2022,1,6604,Vendor56,Delhi,6,Low
663,P594,11-08-2022,17-08-2022,4,8895,Vendor91,Ahmedabad,6,Medium
664,P1616,16-07-2022,22-07-2022,3,8229,Vendor90,Mumbai,6,Medium
665,P546,23-10-2023,29-10-2023,5,6351,Vendor90,Bhopal,6,High
666,P163,16-04-2022,22-04-2022,4,6361,Vendor42,Cochin,6,Medium
667,P98,04-03-2022,10-03-2022,2,8388,Vendor80,Cochin,6,Low
668,P532,27-01-2022,02-02-2022,5,1135,Vendor8,Delhi,6,High
669,P720,13-01-2022,19-01-2022,1,5233,Vendor95,Chennai,6,Low
670,P1611,28-02-2022,06-03-2022,2,8291,Vendor40,Bhopal,6,Low
671,P1942,26-04-2023,02-05-2023,3,5216,Vendor21,Ahmedabad,6,Medium
672,P338,03-11-2022,09-11-2022,3,3567,Vendor52,Ahmedabad,6,Medium
673,P605,10-10-2022,16-10-2022,4,7117,Vendor95,Chennai,6,Medium
674,P329,12-08-2023,18-08-2023,3,7153,Vendor70,Cochin,6,Medium
675,P1551,22-06-2023,28-06-2023,1,1698,Vendor17,Hyderabad,6,Low
676,P1398,01-10-2023,07-10-2023,5,9960,Vendor89,Ahmedabad,6,High
677,P512,05-01-2023,11-01-2023,1,7572,Vendor30,Mumbai,6,Low
678,P1590,21-05-2023,27-05-2023,1,369,Vendor35,Hyderabad,6,Low
679,P1640,12-11-2022,18-11-2022,5,8897,Vendor33,Cochin,6,High
680,P99,14-06-2022,20-06-2022,2,5476,Vendor89,Delhi,6,Low
681,P120,14-03-2023,20-03-2023,4,8278,Vendor58,Vishakapatnam,6,Medium
682,P1700,09-07-2022,15-07-2022,5,8278,Vendor85,Bangalore,6,High
683,P902,19-04-2022,25-04-2022,4,4211,Vendor43,Bhopal,6,Medium
684,P1812,19-11-2023,25-11-2023,4,8214,Vendor1,Hyderabad,6,Medium
685,P597,23-04-2022,29-04-2022,2,1658,Vendor66,Chennai,6,Low
686,P573,19-03-2022,25-03-2022,5,9135,Vendor44,Hyderabad,6,High
687,P647,27-06-2022,03-07-2022,4,7724,Vendor13,Hyderabad,6,Medium
688,P1427,01-11-2023,07-11-2023,1,9166,Vendor88,Cochin,6,Low
689,P1185,15-04-2023,21-04-2023,2,8117,Vendor2,Mumbai,6,Low
690,P1178,22-12-2022,28-12-2022,1,7604,Vendor12,Mumbai,6,Low
691,P947,21-07-2022,27-07-2022,1,1721,Vendor99,Chennai,6,Low
692,P329,14-07-2023,20-07-2023,4,1620,Vendor62,Hyderabad,6,Medium
693,P613,19-11-2022,25-11-2022,3,6784,Vendor92,Ahmedabad,6,Medium
694,P778,10-08-2022,16-08-2022,4,2853,Vendor88,Hyderabad,6,Medium
695,P1545,11-12-2022,17-12-2022,2,2053,Vendor96,Chennai,6,Low
696,P1015,08-09-2022,14-09-2022,5,1922,Vendor25,Chennai,6,High
697,P687,04-12-2021,10-12-2021,4,7092,Vendor1,Cochin,6,Medium
698,P702,16-03-2022,22-03-2022,2,3678,Vendor10,Ahmedabad,6,Low
699,P887,16-02-2023,22-02-2023,2,2708,Vendor77,Vishakapatnam,6,Low
700,P635,30-04-2022,06-05-2022,4,9648,Vendor31,Hyderabad,6,Medium
701,P995,14-03-2023,20-03-2023,5,9415,Vendor99,Vishakapatnam,6,High
702,P1719,09-07-2023,15-07-2023,3,1135,Vendor75,Bangalore,6,Medium
703,P190,05-09-2022,11-09-2022,4,7724,Vendor96,Mumbai,6,Medium
704,P1825,11-02-2023,17-02-2023,3,324,Vendor3,Hyderabad,6,Medium
705,P329,03-03-2023,09-03-2023,5,2988,Vendor8,Bhopal,6,High
706,P682,27-05-2023,02-06-2023,1,5953,Vendor85,Bhopal,6,Low
707,P590,03-04-2023,09-04-2023,4,4928,Vendor83,Bhopal,6,Medium
708,P444,03-12-2021,09-12-2021,2,7824,Vendor13,Bangalore,6,Low
709,P410,14-10-2023,20-10-2023,2,8276,Vendor34,Cochin,6,Low
710,P1728,31-07-2023,06-08-2023,5,5301,Vendor4,Mumbai,6,High
711,P510,16-07-2023,22-07-2023,5,3499,Vendor85,Mumbai,6,High
712,P1971,22-07-2023,28-07-2023,5,8553,Vendor40,Chennai,6,High
713,P1236,26-04-2022,02-05-2022,1,388,Vendor71,Cochin,6,Low
714,P61,23-12-2021,29-12-2021,2,5166,Vendor84,Bangalore,6,Low
715,P362,03-04-2022,09-04-2022,4,3773,Vendor28,Chennai,6,Medium
716,P1818,07-02-2022,13-02-2022,5,3346,Vendor39,Bhopal,6,High
717,P1035,29-01-2022,04-02-2022,3,470,Vendor58,Cochin,6,Medium
718,P919,31-10-2023,06-11-2023,1,6910,Vendor100,Cochin,6,Low
719,P1510,18-08-2023,24-08-2023,5,1971,Vendor73,Cochin,6,High
720,P1373,29-04-2022,05-05-2022,2,3511,Vendor66,Chennai,6,Low
721,P359,24-12-2021,30-12-2021,4,2038,Vendor36,Bangalore,6,Medium
722,P1452,04-02-2023,10-02-2023,3,5548,Vendor74,Chennai,6,Medium
723,P1175,08-04-2022,14-04-2022,2,1599,Vendor92,Vishakapatnam,6,Low
724,P1961,09-03-2023,15-03-2023,4,5029,Vendor3,Cochin,6,Medium
725,P1104,13-02-2022,19-02-2022,5,1979,Vendor22,Bangalore,6,High
726,P1859,07-07-2022,13-07-2022,5,5900,Vendor89,Delhi,6,High
727,P99,08-02-2023,14-02-2023,2,5916,Vendor3,Chennai,6,Low
728,P1361,16-03-2022,22-03-2022,3,3600,Vendor50,Delhi,6,Medium
729,P1405,30-07-2022,05-08-2022,4,7620,Vendor9,Bhopal,6,Medium
730,P379,06-09-2022,12-09-2022,2,3677,Vendor14,Hyderabad,6,Low
731,P1721,29-05-2023,04-06-2023,3,9768,Vendor22,Bangalore,6,Medium
732,P1518,20-08-2023,26-08-2023,3,6272,Vendor64,Chennai,6,Medium
733,P580,31-01-2022,06-02-2022,5,4124,Vendor72,Bhopal,6,High
734,P1879,21-06-2022,27-06-2022,1,1518,Vendor71,Chennai,6,Low
735,P1629,10-09-2022,16-09-2022,2,3992,Vendor83,Mumbai,6,Low
736,P1711,01-12-2022,07-12-2022,5,9628,Vendor46,Mumbai,6,High
737,P695,26-05-2022,01-06-2022,3,6633,Vendor47,Bhopal,6,Medium
738,P433,16-01-2022,22-01-2022,4,7512,Vendor21,Bhopal,6,Medium
739,P37,13-06-2022,19-06-2022,5,2126,Vendor14,Delhi,6,High
740,P1782,10-12-2022,16-12-2022,2,6895,Vendor21,Vishakapatnam,6,Low
741,P1262,22-07-2022,28-07-2022,5,6496,Vendor29,Mumbai,6,High
742,P1722,05-10-2023,11-10-2023,1,8179,Vendor31,Hyderabad,6,Low
743,P1673,20-12-2021,26-12-2021,2,6143,Vendor72,Cochin,6,Low
744,P907,14-06-2023,20-06-2023,1,9577,Vendor88,Vishakapatnam,6,Low
745,P711,19-12-2021,25-12-2021,1,7062,Vendor81,Hyderabad,6,Low
746,P834,09-09-2023,15-09-2023,1,4835,Vendor27,Hyderabad,6,Low
747,P467,01-04-2022,07-04-2022,1,6277,Vendor64,Bhopal,6,Low
748,P611,19-07-2023,25-07-2023,1,1094,Vendor75,Delhi,6,Low
749,P1853,02-02-2023,08-02-2023,5,3142,Vendor24,Bangalore,6,High
750,P819,26-10-2022,01-11-2022,2,8541,Vendor27,Vishakapatnam,6,Low
751,P748,29-12-2022,04-01-2023,2,677,Vendor65,Cochin,6,Low
752,P1184,15-08-2023,21-08-2023,4,4732,Vendor84,Mumbai,6,Medium
753,P1958,14-03-2023,20-03-2023,3,9344,Vendor58,Ahmedabad,6,Medium
754,P1102,20-04-2022,26-04-2022,5,3377,Vendor18,Bhopal,6,High
755,P497,24-10-2023,30-10-2023,5,8539,Vendor26,Chennai,6,High
756,P416,25-03-2022,31-03-2022,2,1389,Vendor54,Chennai,6,Low
757,P931,18-05-2023,24-05-2023,3,5221,Vendor15,Mumbai,6,Medium
758,P1000,07-05-2023,13-05-2023,3,1154,Vendor13,Chennai,6,Medium
759,P466,27-04-2022,03-05-2022,3,1783,Vendor31,Bangalore,6,Medium
760,P172,10-01-2022,16-01-2022,4,3177,Vendor94,Delhi,6,Medium
761,P1174,07-04-2023,13-04-2023,1,7531,Vendor43,Chennai,6,Low
762,P171,24-09-2022,30-09-2022,4,5142,Vendor30,Chennai,6,Medium
763,P549,13-06-2022,19-06-2022,3,6641,Vendor84,Ahmedabad,6,Medium
764,P287,08-08-2022,14-08-2022,5,4115,Vendor77,Hyderabad,6,High
765,P818,01-01-2022,07-01-2022,5,9968,Vendor69,Cochin,6,High
766,P1057,20-03-2023,26-03-2023,2,9930,Vendor21,Delhi,6,Low
767,P1826,28-05-2022,03-06-2022,4,4094,Vendor44,Bangalore,6,Medium
768,P422,06-09-2022,12-09-2022,3,2751,Vendor49,Mumbai,6,Medium
769,P1638,14-06-2023,20-06-2023,1,4446,Vendor18,Cochin,6,Low
770,P1625,03-03-2022,09-03-2022,4,5794,Vendor76,Delhi,6,Medium
771,P1664,06-10-2022,12-10-2022,3,9841,Vendor23,Bangalore,6,Medium
772,P1106,11-05-2023,17-05-2023,4,3486,Vendor51,Mumbai,6,Medium
773,P302,16-08-2022,22-08-2022,2,5458,Vendor23,Chennai,6,Low
774,P1378,20-08-2022,26-08-2022,1,4308,Vendor75,Ahmedabad,6,Low
775,P1358,04-01-2022,10-01-2022,3,9029,Vendor97,Vishakapatnam,6,Medium
776,P592,22-12-2022,28-12-2022,4,4009,Vendor39,Vishakapatnam,6,Medium
777,P944,04-05-2022,10-05-2022,4,372,Vendor31,Chennai,6,Medium
778,P341,22-02-2022,28-02-2022,5,7511,Vendor75,Hyderabad,6,High
779,P848,20-06-2022,26-06-2022,3,6971,Vendor96,Hyderabad,6,Medium
780,P1548,16-10-2023,22-10-2023,5,3556,Vendor41,Bhopal,6,High
781,P1037,01-03-2022,07-03-2022,3,7883,Vendor77,Hyderabad,6,Medium
782,P1851,08-06-2022,14-06-2022,1,4278,Vendor88,Vishakapatnam,6,Low
783,P301,07-10-2022,13-10-2022,2,4914,Vendor81,Mumbai,6,Low
784,P72,24-05-2022,30-05-2022,4,9192,Vendor11,Cochin,6,Medium
785,P551,09-12-2021,15-12-2021,1,7210,Vendor34,Hyderabad,6,Low
786,P1227,29-07-2023,04-08-2023,3,2752,Vendor43,Ahmedabad,6,Medium
787,P1077,10-11-2023,16-11-2023,5,881,Vendor20,Ahmedabad,6,High
788,P1560,28-05-2022,03-06-2022,4,7298,Vendor74,Bhopal,6,Medium
789,P185,17-12-2021,23-12-2021,4,7685,Vendor29,Vishakapatnam,6,Medium
790,P240,09-08-2023,15-08-2023,2,4793,Vendor50,Delhi,6,Low
791,P1163,22-04-2022,28-04-2022,2,385,Vendor82,Cochin,6,Low
792,P657,04-09-2022,10-09-2022,1,8763,Vendor80,Bangalore,6,Low
793,P358,25-10-2022,31-10-2022,3,6364,Vendor4,Mumbai,6,Medium
794,P1385,13-04-2022,19-04-2022,2,5436,Vendor86,Hyderabad,6,Low
795,P1149,23-09-2022,29-09-2022,4,115,Vendor10,Bhopal,6,Medium
796,P1249,06-07-2022,12-07-2022,4,7873,Vendor100,Mumbai,6,Medium
797,P30,21-06-2022,27-06-2022,5,2920,Vendor89,Hyderabad,6,High
798,P1733,19-11-2023,25-11-2023,3,9677,Vendor71,Vishakapatnam,6,Medium
799,P1539,06-05-2023,12-05-2023,2,6885,Vendor13,Ahmedabad,6,Low
800,P1620,20-01-2023,26-01-2023,3,8756,Vendor43,Chennai,6,Medium
801,P892,27-02-2022,05-03-2022,4,8669,Vendor71,Vishakapatnam,6,Medium
802,P319,11-08-2023,17-08-2023,1,2589,Vendor72,Bangalore,6,Low
803,P1986,24-05-2022,30-05-2022,1,169,Vendor55,Hyderabad,6,Low
804,P893,08-09-2023,14-09-2023,3,2090,Vendor70,Ahmedabad,6,Medium
805,P318,16-10-2023,22-10-2023,5,3110,Vendor83,Ahmedabad,6,High
806,P1081,11-07-2022,17-07-2022,1,3907,Vendor23,Ahmedabad,6,Low
807,P1855,13-01-2023,19-01-2023,1,7303,Vendor94,Hyderabad,6,Low
808,P709,10-02-2023,16-02-2023,2,3839,Vendor59,Bangalore,6,Low
809,P273,10-06-2022,16-06-2022,2,4432,Vendor20,Bangalore,6,Low
810,P1100,16-10-2022,22-10-2022,1,3337,Vendor60,Ahmedabad,6,Low
811,P249,25-06-2022,01-07-2022,2,5356,Vendor9,Chennai,6,Low
812,P1764,29-04-2023,05-05-2023,3,624,Vendor57,Hyderabad,6,Medium
813,P1260,05-11-2023,11-11-2023,5,3902,Vendor47,Bangalore,6,High
814,P894,21-11-2022,27-11-2022,4,2265,Vendor68,Bhopal,6,Medium
815,P917,10-03-2022,16-03-2022,1,6856,Vendor81,Bangalore,6,Low
816,P93,01-01-2022,07-01-2022,5,2929,Vendor84,Delhi,6,High
817,P1673,17-11-2023,23-11-2023,4,745,Vendor53,Hyderabad,6,Medium
818,P755,14-09-2023,20-09-2023,3,906,Vendor98,Mumbai,6,Medium
819,P1176,19-11-2022,25-11-2022,3,9157,Vendor77,Cochin,6,Medium
820,P818,22-11-2022,28-11-2022,5,2130,Vendor38,Hyderabad,6,High
821,P1333,01-06-2022,07-06-2022,3,1937,Vendor89,Delhi,6,Medium
822,P216,25-06-2022,01-07-2022,1,3294,Vendor21,Vishakapatnam,6,Low
823,P79,06-11-2022,12-11-2022,2,9651,Vendor3,Bangalore,6,Low
824,P1890,03-12-2021,09-12-2021,3,4945,Vendor76,Mumbai,6,Medium
825,P74,16-12-2022,22-12-2022,3,3200,Vendor99,Bangalore,6,Medium
826,P181,05-11-2023,11-11-2023,2,391,Vendor90,Cochin,6,Low
827,P1366,06-07-2022,12-07-2022,2,5440,Vendor85,Bhopal,6,Low
828,P210,23-03-2023,29-03-2023,1,265,Vendor11,Hyderabad,6,Low
829,P309,26-03-2022,01-04-2022,4,6686,Vendor42,Hyderabad,6,Medium
830,P698,07-11-2023,13-11-2023,3,1764,Vendor14,Bhopal,6,Medium
831,P1205,29-01-2023,04-02-2023,2,772,Vendor31,Chennai,6,Low
832,P992,26-10-2023,01-11-2023,1,4207,Vendor16,Cochin,6,Low
833,P1751,10-11-2023,16-11-2023,3,2914,Vendor37,Vishakapatnam,6,Medium
834,P1782,21-12-2022,27-12-2022,3,1474,Vendor61,Hyderabad,6,Medium
835,P390,09-06-2023,15-06-2023,5,5556,Vendor98,Ahmedabad,6,High
836,P1478,11-10-2022,17-10-2022,3,6793,Vendor96,Hyderabad,6,Medium
837,P1495,26-04-2022,02-05-2022,1,647,Vendor19,Delhi,6,Low
838,P1650,26-08-2023,01-09-2023,2,7797,Vendor10,Hyderabad,6,Low
839,P1315,02-12-2021,08-12-2021,2,641,Vendor2,Vishakapatnam,6,Low
840,P789,28-09-2022,04-10-2022,4,9255,Vendor64,Ahmedabad,6,Medium
841,P1850,25-03-2023,31-03-2023,1,6275,Vendor90,Delhi,6,Low
842,P1178,07-02-2022,13-02-2022,3,8909,Vendor7,Hyderabad,6,Medium
843,P477,21-06-2023,27-06-2023,1,5775,Vendor56,Hyderabad,6,Low
844,P1180,13-11-2022,19-11-2022,3,2866,Vendor99,Bangalore,6,Medium
845,P884,20-02-2023,26-02-2023,4,2960,Vendor77,Hyderabad,6,Medium
846,P752,15-08-2022,21-08-2022,3,689,Vendor52,Hyderabad,6,Medium
847,P1203,01-07-2022,07-07-2022,3,8072,Vendor30,Bhopal,6,Medium
848,P1372,03-11-2022,09-11-2022,5,6399,Vendor14,Ahmedabad,6,High
849,P260,31-01-2023,06-02-2023,1,2039,Vendor80,Bangalore,6,Low
850,P1684,04-06-2023,10-06-2023,5,4975,Vendor49,Delhi,6,High
851,P254,28-06-2023,04-07-2023,4,9979,Vendor61,Bhopal,6,Medium
852,P910,28-03-2023,03-04-2023,1,3382,Vendor23,Mumbai,6,Low
853,P146,16-03-2022,22-03-2022,2,9222,Vendor12,Bhopal,6,Low
854,P1003,05-06-2022,11-06-2022,5,6805,Vendor92,Mumbai,6,High
855,P1849,01-05-2023,07-05-2023,5,3769,Vendor79,Bangalore,6,High
856,P417,06-10-2022,12-10-2022,5,2142,Vendor19,Chennai,6,High
857,P708,20-10-2023,26-10-2023,5,6935,Vendor5,Bhopal,6,High
858,P657,10-01-2022,16-01-2022,4,8867,Vendor6,Bangalore,6,Medium
859,P610,15-09-2023,21-09-2023,1,5320,Vendor39,Vishakapatnam,6,Low
860,P890,24-05-2022,30-05-2022,5,1665,Vendor13,Cochin,6,High
861,P1886,19-08-2022,25-08-2022,3,1318,Vendor89,Delhi,6,Medium
862,P1547,25-06-2023,01-07-2023,2,7725,Vendor44,Mumbai,6,Low
863,P1452,12-01-2023,18-01-2023,2,3189,Vendor91,Vishakapatnam,6,Low
864,P1772,13-09-2022,19-09-2022,5,7753,Vendor88,Vishakapatnam,6,High
865,P462,04-11-2022,10-11-2022,4,6161,Vendor57,Mumbai,6,Medium
866,P668,23-10-2022,29-10-2022,5,9861,Vendor25,Ahmedabad,6,High
867,P1022,28-03-2023,03-04-2023,4,7102,Vendor64,Delhi,6,Medium
868,P1012,24-03-2022,30-03-2022,5,6265,Vendor10,Bangalore,6,High
869,P1017,01-02-2022,07-02-2022,5,2782,Vendor89,Cochin,6,High
870,P613,03-02-2023,09-02-2023,5,9186,Vendor33,Hyderabad,6,High
871,P376,24-04-2022,30-04-2022,4,3126,Vendor50,Chennai,6,Medium
872,P961,15-01-2022,21-01-2022,3,2459,Vendor79,Cochin,6,Medium
873,P483,29-07-2023,04-08-2023,4,3386,Vendor71,Hyderabad,6,Medium
874,P132,26-08-2022,01-09-2022,2,9779,Vendor42,Chennai,6,Low
875,P285,19-10-2022,25-10-2022,4,6658,Vendor57,Delhi,6,Medium
876,P430,09-04-2022,15-04-2022,5,9167,Vendor70,Vishakapatnam,6,High
877,P1713,22-09-2023,28-09-2023,2,127,Vendor38,Hyderabad,6,Low
878,P1501,07-08-2022,13-08-2022,1,6731,Vendor73,Bangalore,6,Low
879,P1469,14-09-2023,20-09-2023,5,3014,Vendor1,Mumbai,6,High
880,P1339,05-01-2023,11-01-2023,3,7938,Vendor49,Chennai,6,Medium
881,P543,29-06-2022,05-07-2022,5,7835,Vendor65,Hyderabad,6,High
882,P192,07-02-2023,13-02-2023,2,4295,Vendor16,Vishakapatnam,6,Low
883,P1878,11-03-2022,17-03-2022,2,301,Vendor33,Chennai,6,Low
884,P1092,01-11-2022,07-11-2022,3,3704,Vendor47,Bangalore,6,Medium
885,P1623,01-03-2023,07-03-2023,1,5492,Vendor90,Bhopal,6,Low
886,P134,28-10-2022,03-11-2022,4,314,Vendor14,Hyderabad,6,Medium
887,P1773,29-12-2021,04-01-2022,3,833,Vendor56,Mumbai,6,Medium
888,P454,07-11-2023,13-11-2023,5,5915,Vendor26,Ahmedabad,6,High
889,P991,09-01-2023,15-01-2023,4,4711,Vendor90,Hyderabad,6,Medium
890,P1739,01-04-2022,07-04-2022,5,9425,Vendor11,Cochin,6,High
891,P142,09-01-2023,15-01-2023,4,9964,Vendor36,Bangalore,6,Medium
892,P214,24-10-2022,30-10-2022,5,6953,Vendor22,Bangalore,6,High
893,P1423,03-05-2022,09-05-2022,1,7443,Vendor96,Bhopal,6,Low
894,P761,27-08-2023,02-09-2023,5,8979,Vendor19,Bhopal,6,High
895,P587,20-08-2022,26-08-2022,5,7365,Vendor87,Chennai,6,High
896,P309,16-03-2023,22-03-2023,1,5137,Vendor3,Hyderabad,6,Low
897,P748,14-01-2022,20-01-2022,5,9565,Vendor35,Delhi,6,High
898,P1672,27-08-2023,02-09-2023,2,6947,Vendor26,Ahmedabad,6,Low
899,P1987,20-05-2022,26-05-2022,5,7750,Vendor13,Cochin,6,High
900,P841,13-09-2022,19-09-2022,5,2882,Vendor87,Vishakapatnam,6,High
901,P1082,25-05-2023,31-05-2023,5,7575,Vendor44,Bhopal,6,High
902,P343,14-03-2023,20-03-2023,4,3037,Vendor17,Hyderabad,6,Medium
903,P1086,20-08-2022,26-08-2022,2,1074,Vendor65,Chennai,6,Low
904,P755,09-12-2022,15-12-2022,3,7715,Vendor95,Chennai,6,Medium
905,P1160,07-08-2023,13-08-2023,2,2108,Vendor76,Cochin,6,Low
906,P306,30-11-2022,06-12-2022,4,345,Vendor79,Mumbai,6,Medium
907,P1511,10-08-2023,16-08-2023,4,3970,Vendor69,Delhi,6,Medium
908,P496,29-03-2022,04-04-2022,2,5070,Vendor5,Hyderabad,6,Low
909,P1907,22-10-2023,28-10-2023,4,4602,Vendor34,Vishakapatnam,6,Medium
910,P534,22-10-2022,28-10-2022,1,9483,Vendor32,Chennai,6,Low
911,P1065,26-09-2023,02-10-2023,5,8293,Vendor48,Bangalore,6,High
912,P264,07-08-2023,13-08-2023,3,7911,Vendor92,Bangalore,6,Medium
913,P1123,12-05-2022,18-05-2022,3,4305,Vendor73,Delhi,6,Medium
914,P1636,28-08-2022,03-09-2022,3,3616,Vendor98,Bhopal,6,Medium
915,P179,30-04-2023,06-05-2023,4,1925,Vendor62,Bhopal,6,Medium
916,P91,19-01-2022,25-01-2022,2,4206,Vendor17,Mumbai,6,Low
917,P222,09-03-2023,15-03-2023,5,1555,Vendor79,Vishakapatnam,6,High
918,P618,21-01-2023,27-01-2023,1,6108,Vendor42,Hyderabad,6,Low
919,P1304,03-03-2022,09-03-2022,3,6577,Vendor84,Cochin,6,Medium
920,P272,23-06-2022,29-06-2022,5,3407,Vendor31,Hyderabad,6,High
921,P493,18-01-2022,24-01-2022,4,3673,Vendor81,Vishakapatnam,6,Medium
922,P1592,17-10-2022,23-10-2022,5,9904,Vendor55,Cochin,6,High
923,P586,18-06-2022,24-06-2022,4,1452,Vendor50,Hyderabad,6,Medium
924,P801,18-04-2022,24-04-2022,4,8752,Vendor11,Hyderabad,6,Medium
925,P1787,12-02-2023,18-02-2023,3,6070,Vendor62,Chennai,6,Medium
926,P1831,29-01-2022,04-02-2022,2,3555,Vendor64,Bangalore,6,Low
927,P1933,02-03-2022,08-03-2022,2,6586,Vendor68,Bhopal,6,Low
928,P1435,11-12-2022,17-12-2022,5,9774,Vendor25,Hyderabad,6,High
929,P114,19-09-2022,25-09-2022,1,4762,Vendor53,Ahmedabad,6,Low
930,P1991,16-12-2021,22-12-2021,4,6557,Vendor11,Cochin,6,Medium
931,P1382,31-03-2022,06-04-2022,1,4118,Vendor99,Ahmedabad,6,Low
932,P1551,21-04-2023,27-04-2023,2,6105,Vendor83,Chennai,6,Low
933,P419,02-10-2022,08-10-2022,3,9497,Vendor100,Delhi,6,Medium
934,P1963,12-08-2022,18-08-2022,3,5826,Vendor86,Delhi,6,Medium
935,P984,14-02-2022,20-02-2022,3,1343,Vendor48,Bangalore,6,Medium
936,P1360,03-06-2023,09-06-2023,5,2588,Vendor31,Bhopal,6,High
937,P1645,01-09-2023,07-09-2023,4,1987,Vendor88,Chennai,6,Medium
938,P676,23-09-2022,29-09-2022,1,5238,Vendor60,Bhopal,6,Low
939,P962,16-11-2022,22-11-2022,3,8532,Vendor38,Chennai,6,Medium
940,P1904,22-01-2023,28-01-2023,1,1969,Vendor1,Hyderabad,6,Low
941,P1183,06-01-2022,12-01-2022,5,8183,Vendor17,Delhi,6,High
942,P995,04-09-2022,10-09-2022,2,2245,Vendor2,Bhopal,6,Low
943,P1926,30-05-2022,05-06-2022,1,1433,Vendor51,Cochin,6,Low
944,P808,15-03-2023,21-03-2023,2,3796,Vendor62,Hyderabad,6,Low
945,P1435,24-07-2023,30-07-2023,3,7652,Vendor46,Cochin,6,Medium
946,P1758,06-11-2022,12-11-2022,5,7565,Vendor47,Vishakapatnam,6,High
947,P1550,16-06-2022,22-06-2022,2,9852,Vendor28,Chennai,6,Low
948,P1297,08-01-2023,14-01-2023,4,5496,Vendor17,Ahmedabad,6,Medium
949,P468,20-12-2021,26-12-2021,3,6781,Vendor43,Bhopal,6,Medium
950,P342,25-08-2023,31-08-2023,5,6405,Vendor49,Hyderabad,6,High
951,P1014,04-12-2021,10-12-2021,5,3888,Vendor65,Bangalore,6,High
952,P651,18-03-2022,24-03-2022,2,2954,Vendor25,Delhi,6,Low
953,P62,23-01-2023,29-01-2023,2,4930,Vendor12,Cochin,6,Low
954,P1169,25-06-2022,01-07-2022,3,8841,Vendor31,Delhi,6,Medium
955,P1689,24-02-2022,02-03-2022,3,5106,Vendor64,Delhi,6,Medium
956,P20,04-12-2021,10-12-2021,5,7663,Vendor73,Delhi,6,High
957,P1313,17-02-2023,23-02-2023,3,7417,Vendor89,Cochin,6,Medium
958,P322,31-10-2023,06-11-2023,5,7967,Vendor48,Ahmedabad,6,High
959,P1222,13-01-2023,19-01-2023,3,5033,Vendor51,Delhi,6,Medium
960,P387,22-07-2022,28-07-2022,5,8325,Vendor28,Mumbai,6,High
961,P1341,15-11-2023,21-11-2023,3,2385,Vendor46,Hyderabad,6,Medium
962,P320,02-09-2023,08-09-2023,2,780,Vendor4,Vishakapatnam,6,Low
963,P785,27-01-2022,02-02-2022,1,4130,Vendor54,Bhopal,6,Low
964,P1249,30-04-2022,06-05-2022,3,5001,Vendor7,Delhi,6,Medium
965,P523,09-06-2023,15-06-2023,3,712,Vendor53,Cochin,6,Medium
966,P390,27-07-2022,02-08-2022,5,4417,Vendor4,Mumbai,6,High
967,P1898,02-04-2022,08-04-2022,4,3788,Vendor70,Vishakapatnam,6,Medium
968,P1881,07-02-2022,13-02-2022,2,5210,Vendor14,Chennai,6,Low
969,P748,15-11-2022,21-11-2022,2,4325,Vendor83,Bhopal,6,Low
970,P1874,20-03-2023,26-03-2023,2,5662,Vendor47,Hyderabad,6,Low
971,P748,23-01-2022,29-01-2022,1,5084,Vendor67,Bhopal,6,Low
972,P274,06-07-2023,12-07-2023,4,4601,Vendor31,Mumbai,6,Medium
973,P6,02-09-2023,08-09-2023,5,2251,Vendor88,Ahmedabad,6,High
974,P196,19-11-2023,25-11-2023,4,5609,Vendor24,Bhopal,6,Medium
975,P1990,03-10-2022,09-10-2022,5,5617,Vendor94,Bhopal,6,High
976,P558,22-01-2022,28-01-2022,1,4232,Vendor65,Hyderabad,6,Low
977,P756,24-06-2022,30-06-2022,5,932,Vendor11,Vishakapatnam,6,High
978,P1059,14-05-2023,20-05-2023,3,5267,Vendor99,Bhopal,6,Medium
979,P1928,04-10-2022,10-10-2022,4,1125,Vendor71,Hyderabad,6,Medium
980,P690,27-05-2022,02-06-2022,1,336,Vendor47,Mumbai,6,Low
981,P312,24-04-2022,30-04-2022,3,3902,Vendor2,Delhi,6,Medium
982,P158,26-03-2022,01-04-2022,2,5403,Vendor16,Vishakapatnam,6,Low
983,P87,24-11-2022,30-11-2022,3,7828,Vendor92,Ahmedabad,6,Medium
984,P1026,15-03-2022,21-03-2022,1,7667,Vendor14,Delhi,6,Low
985,P16,29-07-2022,04-08-2022,4,6631,Vendor13,Ahmedabad,6,Medium
986,P1423,19-06-2023,25-06-2023,2,4039,Vendor93,Hyderabad,6,Low
987,P1198,24-10-2022,30-10-2022,5,3660,Vendor77,Chennai,6,High
988,P678,01-02-2022,07-02-2022,1,3218,Vendor7,Hyderabad,6,Low
989,P1529,17-04-2022,23-04-2022,5,1824,Vendor29,Bhopal,6,High
990,P1825,12-02-2022,18-02-2022,5,8672,Vendor17,Bhopal,6,High
991,P214,17-07-2022,26-07-2022,5,2276,Vendor14,Mumbai,9,High
992,P1722,27-02-2023,08-03-2023,4,4426,Vendor96,Cochin,9,Medium
993,P1903,12-11-2023,21-11-2023,3,7382,Vendor97,Hyderabad,9,Medium
994,P382,02-10-2022,11-10-2022,2,3280,Vendor61,Bangalore,9,Low
995,P1946,17-01-2023,26-01-2023,4,4654,Vendor89,Ahmedabad,9,Medium
996,P570,06-05-2023,15-05-2023,5,8238,Vendor71,Cochin,9,High
997,P1061,19-09-2023,28-09-2023,1,7872,Vendor82,Vishakapatnam,9,Low
998,P108,27-09-2023,06-10-2023,5,5082,Vendor15,Bangalore,9,High
999,P442,23-01-2023,01-02-2023,4,6596,Vendor16,Hyderabad,9,Medium
1000,P1912,19-05-2022,28-05-2022,4,5521,Vendor76,Hyderabad,9,Medium
